-- phpMyAdmin SQL Dump
-- version 4.8.3
-- https://www.phpmyadmin.net/
--
-- Máy chủ: 127.0.0.1
-- Thời gian đã tạo: Th12 19, 2018 lúc 11:59 PM
-- Phiên bản máy phục vụ: 10.1.37-MariaDB
-- Phiên bản PHP: 7.1.24

SET SQL_MODE = "NO_AUTO_VALUE_ON_ZERO";
SET AUTOCOMMIT = 0;
START TRANSACTION;
SET time_zone = "+00:00";


/*!40101 SET @OLD_CHARACTER_SET_CLIENT=@@CHARACTER_SET_CLIENT */;
/*!40101 SET @OLD_CHARACTER_SET_RESULTS=@@CHARACTER_SET_RESULTS */;
/*!40101 SET @OLD_COLLATION_CONNECTION=@@COLLATION_CONNECTION */;
/*!40101 SET NAMES utf8mb4 */;

--
-- Cơ sở dữ liệu: `javaweb7`
--

-- --------------------------------------------------------

--
-- Cấu trúc bảng cho bảng `chitiethoadon`
--

CREATE TABLE `chitiethoadon` (
  `mahoadon` varchar(100) COLLATE utf8mb4_unicode_ci DEFAULT NULL,
  `masp` int(11) DEFAULT NULL,
  `soluong` int(11) DEFAULT NULL,
  `giaban` double DEFAULT NULL
) ENGINE=InnoDB DEFAULT CHARSET=utf8mb4 COLLATE=utf8mb4_unicode_ci;

--
-- Đang đổ dữ liệu cho bảng `chitiethoadon`
--

INSERT INTO `chitiethoadon` (`mahoadon`, `masp`, `soluong`, `giaban`) VALUES
('20122018015256', 28, 1, 400000),
('20122018015256', 45, 7, 400000),
('20122018015257', 107, 2, 320000),
('20122018015257', 20, 4, 240000),
('20122018015257', 80, 5, 320000),
('20122018015257', 72, 5, 320000),
('20122018015257', 70, 6, 400000),
('20122018015257', 17, 1, 320000),
('20122018015257', 36, 3, 400000),
('20122018015257', 87, 3, 240000),
('20122018015257', 52, 5, 320000),
('201220180154541', 41, 2, 240000),
('201220180154541', 42, 4, 400000),
('201220180154541', 71, 3, 240000),
('201220180154541', 31, 2, 400000),
('201220180154541', 15, 7, 320000),
('201220180154541', 79, 8, 240000),
('201220180154541', 52, 7, 320000),
('201220180155061', 47, 2, 400000),
('201220180155061', 23, 6, 400000),
('201220180155061', 47, 9, 400000),
('201220180155061', 7, 7, 240000),
('201220180155061', 106, 9, 240000),
('201220180155061', 8, 6, 320000),
('201220180155061', 8, 7, 240000),
('201220180155171', 1, 4, 240000),
('201220180155171', 69, 4, 320000),
('201220180155171', 24, 3, 240000),
('201220180155171', 50, 4, 400000),
('201220180155171', 58, 7, 240000),
('201220180155171', 61, 6, 320000),
('201220180155171', 14, 4, 400000),
('201220180155171', 107, 7, 400000),
('201220180155171', 27, 9, 240000),
('201220180155171', 26, 6, 240000),
('201220180155331', 65, 8, 320000),
('201220180155331', 5, 7, 320000),
('201220180155331', 43, 9, 400000),
('201220180155331', 112, 3, 400000),
('201220180155331', 58, 2, 240000),
('201220180155331', 46, 9, 400000),
('201220180155331', 77, 3, 320000),
('201220180155441', 17, 6, 400000),
('201220180155441', 1, 4, 320000),
('201220180155441', 25, 6, 320000),
('201220180155441', 45, 2, 320000),
('201220180155511', 27, 1, 240000),
('201220180155511', 18, 6, 320000),
('201220180155511', 108, 5, 400000),
('201220180155511', 1, 1, 400000),
('201220180155511', 98, 2, 240000);

-- --------------------------------------------------------

--
-- Cấu trúc bảng cho bảng `hinhthucthanhtoan`
--

CREATE TABLE `hinhthucthanhtoan` (
  `mahinhthuc` int(11) NOT NULL,
  `tenhinhthuc` varchar(200) COLLATE utf8mb4_unicode_ci DEFAULT NULL
) ENGINE=InnoDB DEFAULT CHARSET=utf8mb4 COLLATE=utf8mb4_unicode_ci;

--
-- Đang đổ dữ liệu cho bảng `hinhthucthanhtoan`
--

INSERT INTO `hinhthucthanhtoan` (`mahinhthuc`, `tenhinhthuc`) VALUES
(1, 'Trực tiếp'),
(2, 'Chuyển khoản'),
(3, 'Vật ngang giá');

-- --------------------------------------------------------

--
-- Cấu trúc bảng cho bảng `hoadon`
--

CREATE TABLE `hoadon` (
  `mahoadon` varchar(100) COLLATE utf8mb4_unicode_ci NOT NULL,
  `makh` int(11) NOT NULL,
  `manhanvien` int(11) DEFAULT NULL,
  `ngaytao` datetime DEFAULT NULL,
  `trangthai` int(11) DEFAULT NULL,
  `ngayhoanthanh` datetime DEFAULT NULL,
  `tennguoinhan` varchar(1000) COLLATE utf8mb4_unicode_ci NOT NULL,
  `giamgia` int(11) DEFAULT NULL,
  `hinhthucthanhtoan` int(11) NOT NULL,
  `dienthoainguoinhan` varchar(20) COLLATE utf8mb4_unicode_ci NOT NULL,
  `emailnguoinhan` varchar(1000) COLLATE utf8mb4_unicode_ci NOT NULL,
  `diachigiaohang` varchar(2000) COLLATE utf8mb4_unicode_ci NOT NULL,
  `phivanchuyen` double NOT NULL,
  `ghichu` varchar(2000) COLLATE utf8mb4_unicode_ci DEFAULT NULL
) ENGINE=InnoDB DEFAULT CHARSET=utf8mb4 COLLATE=utf8mb4_unicode_ci;

--
-- Đang đổ dữ liệu cho bảng `hoadon`
--

INSERT INTO `hoadon` (`mahoadon`, `makh`, `manhanvien`, `ngaytao`, `trangthai`, `ngayhoanthanh`, `tennguoinhan`, `giamgia`, `hinhthucthanhtoan`, `dienthoainguoinhan`, `emailnguoinhan`, `diachigiaohang`, `phivanchuyen`, `ghichu`) VALUES
('20122018015256', 1, 2, '2018-12-20 01:52:56', 1, NULL, 'dxt', 7, 1, '0123456789', '', 'Ha Noi', 17000, ''),
('20122018015257', 1, 2, '2018-12-20 01:52:57', 1, NULL, 'dxt', 0, 1, '0123456789', '', 'Ha Noi', 19000, ''),
('201220180154541', 1, 3, '2018-12-20 01:54:55', 1, NULL, 'dxt', 4, 1, '0123456789', '', 'Ha Noi', 18000, ''),
('201220180155061', 1, 3, '2018-12-20 01:55:06', 1, NULL, 'dxt', 3, 1, '0123456789', '', 'Ha Noi', 10000, ''),
('201220180155171', 1, 2, '2018-12-20 01:55:17', 1, NULL, 'dxt', 1, 1, '0123456789', '', 'Ha Noi', 20000, ''),
('201220180155331', 1, 2, '2018-12-20 01:55:33', 1, NULL, 'dxt', 8, 1, '0123456789', '', 'Ha Noi', 17000, ''),
('201220180155441', 1, 3, '2018-12-20 01:55:44', 1, NULL, 'dxt', 9, 1, '0123456789', '', 'Ha Noi', 17000, ''),
('201220180155511', 1, 3, '2018-12-20 01:55:51', 1, NULL, 'dxt', 6, 1, '0123456789', '', 'Ha Noi', 16000, '');

-- --------------------------------------------------------

--
-- Cấu trúc bảng cho bảng `huyen`
--

CREATE TABLE `huyen` (
  `tenhuyen` varchar(1000) COLLATE utf8mb4_unicode_ci NOT NULL,
  `mahuyen` int(11) NOT NULL,
  `matt` int(11) NOT NULL,
  `phivanchuyen` double NOT NULL
) ENGINE=InnoDB DEFAULT CHARSET=utf8mb4 COLLATE=utf8mb4_unicode_ci;

--
-- Đang đổ dữ liệu cho bảng `huyen`
--

INSERT INTO `huyen` (`tenhuyen`, `mahuyen`, `matt`, `phivanchuyen`) VALUES
('Gia Lâm', 1, 1, 20000),
('ten huyen', 2, 1, 15000),
('ten huyen', 3, 1, 15000),
('ten huyen', 4, 1, 15000),
('ten huyen', 5, 1, 15000),
('ten huyen', 6, 1, 15000),
('ten huyen', 7, 1, 15000),
('ten huyen', 8, 1, 15000),
('ten huyen', 9, 1, 15000),
('ten huyen', 10, 1, 15000),
('ten huyen', 11, 1, 15000),
('ten huyen', 12, 1, 15000),
('ten huyen', 13, 1, 15000),
('ten huyen', 14, 1, 15000),
('ten huyen', 15, 1, 15000),
('ten huyen', 16, 1, 15000),
('ten huyen', 17, 1, 15000),
('ten huyen', 18, 1, 15000),
('ten huyen', 19, 1, 15000),
('ten huyen', 20, 1, 15000),
('ten huyen', 21, 2, 15000),
('ten huyen', 22, 2, 15000),
('ten huyen', 23, 2, 15000),
('ten huyen', 24, 2, 15000),
('ten huyen', 25, 2, 15000),
('ten huyen', 26, 2, 15000),
('ten huyen', 27, 2, 15000),
('ten huyen', 28, 2, 15000),
('ten huyen', 29, 2, 15000),
('ten huyen', 30, 2, 15000),
('ten huyen', 31, 2, 15000),
('ten huyen', 32, 2, 15000),
('ten huyen', 33, 2, 15000),
('ten huyen', 34, 2, 15000),
('ten huyen', 35, 2, 15000),
('ten huyen', 36, 2, 15000),
('ten huyen', 37, 2, 15000),
('ten huyen', 38, 2, 15000),
('ten huyen', 39, 2, 15000),
('ten huyen', 40, 2, 15000),
('ten huyen', 41, 3, 15000),
('ten huyen', 42, 3, 15000),
('ten huyen', 43, 3, 15000),
('ten huyen', 44, 3, 15000),
('ten huyen', 45, 3, 15000),
('ten huyen', 46, 3, 15000),
('ten huyen', 47, 3, 15000),
('ten huyen', 48, 3, 15000),
('ten huyen', 49, 3, 15000),
('ten huyen', 50, 3, 15000),
('ten huyen', 51, 3, 15000),
('ten huyen', 52, 3, 15000),
('ten huyen', 53, 3, 15000),
('ten huyen', 54, 3, 15000),
('ten huyen', 55, 3, 15000),
('ten huyen', 56, 3, 15000),
('ten huyen', 57, 3, 15000),
('ten huyen', 58, 3, 15000),
('ten huyen', 59, 3, 15000),
('ten huyen', 60, 3, 15000),
('ten huyen', 61, 4, 15000),
('ten huyen', 62, 4, 15000),
('ten huyen', 63, 4, 15000),
('ten huyen', 64, 4, 15000),
('ten huyen', 65, 4, 15000),
('ten huyen', 66, 4, 15000),
('ten huyen', 67, 4, 15000),
('ten huyen', 68, 4, 15000),
('ten huyen', 69, 4, 15000),
('ten huyen', 70, 4, 15000),
('ten huyen', 71, 4, 15000),
('ten huyen', 72, 4, 15000),
('ten huyen', 73, 4, 15000),
('ten huyen', 74, 4, 15000),
('ten huyen', 75, 4, 15000),
('ten huyen', 76, 4, 15000),
('ten huyen', 77, 4, 15000),
('ten huyen', 78, 4, 15000),
('ten huyen', 79, 4, 15000),
('ten huyen', 80, 4, 15000),
('ten huyen', 81, 5, 15000),
('ten huyen', 82, 5, 15000),
('ten huyen', 83, 5, 15000),
('ten huyen', 84, 5, 15000),
('ten huyen', 85, 5, 15000),
('ten huyen', 86, 5, 15000),
('ten huyen', 87, 5, 15000),
('ten huyen', 88, 5, 15000),
('ten huyen', 89, 5, 15000),
('ten huyen', 90, 5, 15000),
('ten huyen', 91, 5, 15000),
('ten huyen', 92, 5, 15000),
('ten huyen', 93, 5, 15000),
('ten huyen', 94, 5, 15000),
('ten huyen', 95, 5, 15000),
('ten huyen', 96, 5, 15000),
('ten huyen', 97, 5, 15000),
('ten huyen', 98, 5, 15000),
('ten huyen', 99, 5, 15000),
('ten huyen', 100, 5, 15000),
('ten huyen', 101, 6, 15000),
('ten huyen', 102, 6, 15000),
('ten huyen', 103, 6, 15000),
('ten huyen', 104, 6, 15000),
('ten huyen', 105, 6, 15000),
('ten huyen', 106, 6, 15000),
('ten huyen', 107, 6, 15000),
('ten huyen', 108, 6, 15000),
('ten huyen', 109, 6, 15000),
('ten huyen', 110, 6, 15000),
('ten huyen', 111, 6, 15000),
('ten huyen', 112, 6, 15000),
('ten huyen', 113, 6, 15000),
('ten huyen', 114, 6, 15000),
('ten huyen', 115, 6, 15000),
('ten huyen', 116, 6, 15000),
('ten huyen', 117, 6, 15000),
('ten huyen', 118, 6, 15000),
('ten huyen', 119, 6, 15000),
('ten huyen', 120, 6, 15000),
('ten huyen', 121, 7, 15000),
('ten huyen', 122, 7, 15000),
('ten huyen', 123, 7, 15000),
('ten huyen', 124, 7, 15000),
('ten huyen', 125, 7, 15000),
('ten huyen', 126, 7, 15000),
('ten huyen', 127, 7, 15000),
('ten huyen', 128, 7, 15000),
('ten huyen', 129, 7, 15000),
('ten huyen', 130, 7, 15000),
('ten huyen', 131, 7, 15000),
('ten huyen', 132, 7, 15000),
('ten huyen', 133, 7, 15000),
('ten huyen', 134, 7, 15000),
('ten huyen', 135, 7, 15000),
('ten huyen', 136, 7, 15000),
('ten huyen', 137, 7, 15000),
('ten huyen', 138, 7, 15000),
('ten huyen', 139, 7, 15000),
('ten huyen', 140, 7, 15000),
('ten huyen', 141, 8, 15000),
('ten huyen', 142, 8, 15000),
('ten huyen', 143, 8, 15000),
('ten huyen', 144, 8, 15000),
('ten huyen', 145, 8, 15000),
('ten huyen', 146, 8, 15000),
('ten huyen', 147, 8, 15000),
('ten huyen', 148, 8, 15000),
('ten huyen', 149, 8, 15000),
('ten huyen', 150, 8, 15000),
('ten huyen', 151, 8, 15000),
('ten huyen', 152, 8, 15000),
('ten huyen', 153, 8, 15000),
('ten huyen', 154, 8, 15000),
('ten huyen', 155, 8, 15000),
('ten huyen', 156, 8, 15000),
('ten huyen', 157, 8, 15000),
('ten huyen', 158, 8, 15000),
('ten huyen', 159, 8, 15000),
('ten huyen', 160, 8, 15000),
('ten huyen', 161, 9, 15000),
('ten huyen', 162, 9, 15000),
('ten huyen', 163, 9, 15000),
('ten huyen', 164, 9, 15000),
('ten huyen', 165, 9, 15000),
('ten huyen', 166, 9, 15000),
('ten huyen', 167, 9, 15000),
('ten huyen', 168, 9, 15000),
('ten huyen', 169, 9, 15000),
('ten huyen', 170, 9, 15000),
('ten huyen', 171, 9, 15000),
('ten huyen', 172, 9, 15000),
('ten huyen', 173, 9, 15000),
('ten huyen', 174, 9, 15000),
('ten huyen', 175, 9, 15000),
('ten huyen', 176, 9, 15000),
('ten huyen', 177, 9, 15000),
('ten huyen', 178, 9, 15000),
('ten huyen', 179, 9, 15000),
('ten huyen', 180, 9, 15000),
('ten huyen', 181, 10, 15000),
('ten huyen', 182, 10, 15000),
('ten huyen', 183, 10, 15000),
('ten huyen', 184, 10, 15000),
('ten huyen', 185, 10, 15000),
('ten huyen', 186, 10, 15000),
('ten huyen', 187, 10, 15000),
('ten huyen', 188, 10, 15000),
('ten huyen', 189, 10, 15000),
('ten huyen', 190, 10, 15000),
('ten huyen', 191, 10, 15000),
('ten huyen', 192, 10, 15000),
('ten huyen', 193, 10, 15000),
('ten huyen', 194, 10, 15000),
('ten huyen', 195, 10, 15000),
('ten huyen', 196, 10, 15000),
('ten huyen', 197, 10, 15000),
('ten huyen', 198, 10, 15000),
('ten huyen', 199, 10, 15000),
('ten huyen', 200, 10, 15000),
('ten huyen', 201, 11, 15000),
('ten huyen', 202, 11, 15000),
('ten huyen', 203, 11, 15000),
('ten huyen', 204, 11, 15000),
('ten huyen', 205, 11, 15000),
('ten huyen', 206, 11, 15000),
('ten huyen', 207, 11, 15000),
('ten huyen', 208, 11, 15000),
('ten huyen', 209, 11, 15000),
('ten huyen', 210, 11, 15000),
('ten huyen', 211, 11, 15000),
('ten huyen', 212, 11, 15000),
('ten huyen', 213, 11, 15000),
('ten huyen', 214, 11, 15000),
('ten huyen', 215, 11, 15000),
('ten huyen', 216, 11, 15000),
('ten huyen', 217, 11, 15000),
('ten huyen', 218, 11, 15000),
('ten huyen', 219, 11, 15000),
('ten huyen', 220, 11, 15000),
('ten huyen', 221, 12, 15000),
('ten huyen', 222, 12, 15000),
('ten huyen', 223, 12, 15000),
('ten huyen', 224, 12, 15000),
('ten huyen', 225, 12, 15000),
('ten huyen', 226, 12, 15000),
('ten huyen', 227, 12, 15000),
('ten huyen', 228, 12, 15000),
('ten huyen', 229, 12, 15000),
('ten huyen', 230, 12, 15000),
('ten huyen', 231, 12, 15000),
('ten huyen', 232, 12, 15000),
('ten huyen', 233, 12, 15000),
('ten huyen', 234, 12, 15000),
('ten huyen', 235, 12, 15000),
('ten huyen', 236, 12, 15000),
('ten huyen', 237, 12, 15000),
('ten huyen', 238, 12, 15000),
('ten huyen', 239, 12, 15000),
('ten huyen', 240, 12, 15000),
('ten huyen', 241, 13, 15000),
('ten huyen', 242, 13, 15000),
('ten huyen', 243, 13, 15000),
('ten huyen', 244, 13, 15000),
('ten huyen', 245, 13, 15000),
('ten huyen', 246, 13, 15000),
('ten huyen', 247, 13, 15000),
('ten huyen', 248, 13, 15000),
('ten huyen', 249, 13, 15000),
('ten huyen', 250, 13, 15000),
('ten huyen', 251, 13, 15000),
('ten huyen', 252, 13, 15000),
('ten huyen', 253, 13, 15000),
('ten huyen', 254, 13, 15000),
('ten huyen', 255, 13, 15000),
('ten huyen', 256, 13, 15000),
('ten huyen', 257, 13, 15000),
('ten huyen', 258, 13, 15000),
('ten huyen', 259, 13, 15000),
('ten huyen', 260, 13, 15000),
('ten huyen', 261, 14, 15000),
('ten huyen', 262, 14, 15000),
('ten huyen', 263, 14, 15000),
('ten huyen', 264, 14, 15000),
('ten huyen', 265, 14, 15000),
('ten huyen', 266, 14, 15000),
('ten huyen', 267, 14, 15000),
('ten huyen', 268, 14, 15000),
('ten huyen', 269, 14, 15000),
('ten huyen', 270, 14, 15000),
('ten huyen', 271, 14, 15000),
('ten huyen', 272, 14, 15000),
('ten huyen', 273, 14, 15000),
('ten huyen', 274, 14, 15000),
('ten huyen', 275, 14, 15000),
('ten huyen', 276, 14, 15000),
('ten huyen', 277, 14, 15000),
('ten huyen', 278, 14, 15000),
('ten huyen', 279, 14, 15000),
('ten huyen', 280, 14, 15000),
('ten huyen', 281, 15, 15000),
('ten huyen', 282, 15, 15000),
('ten huyen', 283, 15, 15000),
('ten huyen', 284, 15, 15000),
('ten huyen', 285, 15, 15000),
('ten huyen', 286, 15, 15000),
('ten huyen', 287, 15, 15000),
('ten huyen', 288, 15, 15000),
('ten huyen', 289, 15, 15000),
('ten huyen', 290, 15, 15000),
('ten huyen', 291, 15, 15000),
('ten huyen', 292, 15, 15000),
('ten huyen', 293, 15, 15000),
('ten huyen', 294, 15, 15000),
('ten huyen', 295, 15, 15000),
('ten huyen', 296, 15, 15000),
('ten huyen', 297, 15, 15000),
('ten huyen', 298, 15, 15000),
('ten huyen', 299, 15, 15000),
('ten huyen', 300, 15, 15000),
('ten huyen', 301, 16, 15000),
('ten huyen', 302, 16, 15000),
('ten huyen', 303, 16, 15000),
('ten huyen', 304, 16, 15000),
('ten huyen', 305, 16, 15000),
('ten huyen', 306, 16, 15000),
('ten huyen', 307, 16, 15000),
('ten huyen', 308, 16, 15000),
('ten huyen', 309, 16, 15000),
('ten huyen', 310, 16, 15000),
('ten huyen', 311, 16, 15000),
('ten huyen', 312, 16, 15000),
('ten huyen', 313, 16, 15000),
('ten huyen', 314, 16, 15000),
('ten huyen', 315, 16, 15000),
('ten huyen', 316, 16, 15000),
('ten huyen', 317, 16, 15000),
('ten huyen', 318, 16, 15000),
('ten huyen', 319, 16, 15000),
('ten huyen', 320, 16, 15000),
('ten huyen', 321, 17, 15000),
('ten huyen', 322, 17, 15000),
('ten huyen', 323, 17, 15000),
('ten huyen', 324, 17, 15000),
('ten huyen', 325, 17, 15000),
('ten huyen', 326, 17, 15000),
('ten huyen', 327, 17, 15000),
('ten huyen', 328, 17, 15000),
('ten huyen', 329, 17, 15000),
('ten huyen', 330, 17, 15000),
('ten huyen', 331, 17, 15000),
('ten huyen', 332, 17, 15000),
('ten huyen', 333, 17, 15000),
('ten huyen', 334, 17, 15000),
('ten huyen', 335, 17, 15000),
('ten huyen', 336, 17, 15000),
('ten huyen', 337, 17, 15000),
('ten huyen', 338, 17, 15000),
('ten huyen', 339, 17, 15000),
('ten huyen', 340, 17, 15000),
('ten huyen', 341, 18, 15000),
('ten huyen', 342, 18, 15000),
('ten huyen', 343, 18, 15000),
('ten huyen', 344, 18, 15000),
('ten huyen', 345, 18, 15000),
('ten huyen', 346, 18, 15000),
('ten huyen', 347, 18, 15000),
('ten huyen', 348, 18, 15000),
('ten huyen', 349, 18, 15000),
('ten huyen', 350, 18, 15000),
('ten huyen', 351, 18, 15000),
('ten huyen', 352, 18, 15000),
('ten huyen', 353, 18, 15000),
('ten huyen', 354, 18, 15000),
('ten huyen', 355, 18, 15000),
('ten huyen', 356, 18, 15000),
('ten huyen', 357, 18, 15000),
('ten huyen', 358, 18, 15000),
('ten huyen', 359, 18, 15000),
('ten huyen', 360, 18, 15000),
('ten huyen', 361, 19, 15000),
('ten huyen', 362, 19, 15000),
('ten huyen', 363, 19, 15000),
('ten huyen', 364, 19, 15000),
('ten huyen', 365, 19, 15000),
('ten huyen', 366, 19, 15000),
('ten huyen', 367, 19, 15000),
('ten huyen', 368, 19, 15000),
('ten huyen', 369, 19, 15000),
('ten huyen', 370, 19, 15000),
('ten huyen', 371, 19, 15000),
('ten huyen', 372, 19, 15000),
('ten huyen', 373, 19, 15000),
('ten huyen', 374, 19, 15000),
('ten huyen', 375, 19, 15000),
('ten huyen', 376, 19, 15000),
('ten huyen', 377, 19, 15000),
('ten huyen', 378, 19, 15000),
('ten huyen', 379, 19, 15000),
('ten huyen', 380, 19, 15000),
('ten huyen', 381, 20, 15000),
('ten huyen', 382, 20, 15000),
('ten huyen', 383, 20, 15000),
('ten huyen', 384, 20, 15000),
('ten huyen', 385, 20, 15000),
('ten huyen', 386, 20, 15000),
('ten huyen', 387, 20, 15000),
('ten huyen', 388, 20, 15000),
('ten huyen', 389, 20, 15000),
('ten huyen', 390, 20, 15000),
('ten huyen', 391, 20, 15000),
('ten huyen', 392, 20, 15000),
('ten huyen', 393, 20, 15000),
('ten huyen', 394, 20, 15000),
('ten huyen', 395, 20, 15000),
('ten huyen', 396, 20, 15000),
('ten huyen', 397, 20, 15000),
('ten huyen', 398, 20, 15000),
('ten huyen', 399, 20, 15000),
('ten huyen', 400, 20, 15000),
('ten huyen', 401, 21, 15000),
('ten huyen', 402, 21, 15000),
('ten huyen', 403, 21, 15000),
('ten huyen', 404, 21, 15000),
('ten huyen', 405, 21, 15000),
('ten huyen', 406, 21, 15000),
('ten huyen', 407, 21, 15000),
('ten huyen', 408, 21, 15000),
('ten huyen', 409, 21, 15000),
('ten huyen', 410, 21, 15000),
('ten huyen', 411, 21, 15000),
('ten huyen', 412, 21, 15000),
('ten huyen', 413, 21, 15000),
('ten huyen', 414, 21, 15000),
('ten huyen', 415, 21, 15000),
('ten huyen', 416, 21, 15000),
('ten huyen', 417, 21, 15000),
('ten huyen', 418, 21, 15000),
('ten huyen', 419, 21, 15000),
('ten huyen', 420, 21, 15000),
('ten huyen', 421, 22, 15000),
('ten huyen', 422, 22, 15000),
('ten huyen', 423, 22, 15000),
('ten huyen', 424, 22, 15000),
('ten huyen', 425, 22, 15000),
('ten huyen', 426, 22, 15000),
('ten huyen', 427, 22, 15000),
('ten huyen', 428, 22, 15000),
('ten huyen', 429, 22, 15000),
('ten huyen', 430, 22, 15000),
('ten huyen', 431, 22, 15000),
('ten huyen', 432, 22, 15000),
('ten huyen', 433, 22, 15000),
('ten huyen', 434, 22, 15000),
('ten huyen', 435, 22, 15000),
('ten huyen', 436, 22, 15000),
('ten huyen', 437, 22, 15000),
('ten huyen', 438, 22, 15000),
('ten huyen', 439, 22, 15000),
('ten huyen', 440, 22, 15000),
('ten huyen', 441, 23, 15000),
('ten huyen', 442, 23, 15000),
('ten huyen', 443, 23, 15000),
('ten huyen', 444, 23, 15000),
('ten huyen', 445, 23, 15000),
('ten huyen', 446, 23, 15000),
('ten huyen', 447, 23, 15000),
('ten huyen', 448, 23, 15000),
('ten huyen', 449, 23, 15000),
('ten huyen', 450, 23, 15000),
('ten huyen', 451, 23, 15000),
('ten huyen', 452, 23, 15000),
('ten huyen', 453, 23, 15000),
('ten huyen', 454, 23, 15000),
('ten huyen', 455, 23, 15000),
('ten huyen', 456, 23, 15000),
('ten huyen', 457, 23, 15000),
('ten huyen', 458, 23, 15000),
('ten huyen', 459, 23, 15000),
('ten huyen', 460, 23, 15000),
('ten huyen', 461, 24, 15000),
('ten huyen', 462, 24, 15000),
('ten huyen', 463, 24, 15000),
('ten huyen', 464, 24, 15000),
('ten huyen', 465, 24, 15000),
('ten huyen', 466, 24, 15000),
('ten huyen', 467, 24, 15000),
('ten huyen', 468, 24, 15000),
('ten huyen', 469, 24, 15000),
('ten huyen', 470, 24, 15000),
('ten huyen', 471, 24, 15000),
('ten huyen', 472, 24, 15000),
('ten huyen', 473, 24, 15000),
('ten huyen', 474, 24, 15000),
('ten huyen', 475, 24, 15000),
('ten huyen', 476, 24, 15000),
('ten huyen', 477, 24, 15000),
('ten huyen', 478, 24, 15000),
('ten huyen', 479, 24, 15000),
('ten huyen', 480, 24, 15000),
('ten huyen', 481, 25, 15000),
('ten huyen', 482, 25, 15000),
('ten huyen', 483, 25, 15000),
('ten huyen', 484, 25, 15000),
('ten huyen', 485, 25, 15000),
('ten huyen', 486, 25, 15000),
('ten huyen', 487, 25, 15000),
('ten huyen', 488, 25, 15000),
('ten huyen', 489, 25, 15000),
('ten huyen', 490, 25, 15000),
('ten huyen', 491, 25, 15000),
('ten huyen', 492, 25, 15000),
('ten huyen', 493, 25, 15000),
('ten huyen', 494, 25, 15000),
('ten huyen', 495, 25, 15000),
('ten huyen', 496, 25, 15000),
('ten huyen', 497, 25, 15000),
('ten huyen', 498, 25, 15000),
('ten huyen', 499, 25, 15000),
('ten huyen', 500, 25, 15000),
('ten huyen', 501, 26, 15000),
('ten huyen', 502, 26, 15000),
('ten huyen', 503, 26, 15000),
('ten huyen', 504, 26, 15000),
('ten huyen', 505, 26, 15000),
('ten huyen', 506, 26, 15000),
('ten huyen', 507, 26, 15000),
('ten huyen', 508, 26, 15000),
('ten huyen', 509, 26, 15000),
('ten huyen', 510, 26, 15000),
('ten huyen', 511, 26, 15000),
('ten huyen', 512, 26, 15000),
('ten huyen', 513, 26, 15000),
('ten huyen', 514, 26, 15000),
('ten huyen', 515, 26, 15000),
('ten huyen', 516, 26, 15000),
('ten huyen', 517, 26, 15000),
('ten huyen', 518, 26, 15000),
('ten huyen', 519, 26, 15000),
('ten huyen', 520, 26, 15000),
('ten huyen', 521, 27, 15000),
('ten huyen', 522, 27, 15000),
('ten huyen', 523, 27, 15000),
('ten huyen', 524, 27, 15000),
('ten huyen', 525, 27, 15000),
('ten huyen', 526, 27, 15000),
('ten huyen', 527, 27, 15000),
('ten huyen', 528, 27, 15000),
('ten huyen', 529, 27, 15000),
('ten huyen', 530, 27, 15000),
('ten huyen', 531, 27, 15000),
('ten huyen', 532, 27, 15000),
('ten huyen', 533, 27, 15000),
('ten huyen', 534, 27, 15000),
('ten huyen', 535, 27, 15000),
('ten huyen', 536, 27, 15000),
('ten huyen', 537, 27, 15000),
('ten huyen', 538, 27, 15000),
('ten huyen', 539, 27, 15000),
('ten huyen', 540, 27, 15000),
('ten huyen', 541, 28, 15000),
('ten huyen', 542, 28, 15000),
('ten huyen', 543, 28, 15000),
('ten huyen', 544, 28, 15000),
('ten huyen', 545, 28, 15000),
('ten huyen', 546, 28, 15000),
('ten huyen', 547, 28, 15000),
('ten huyen', 548, 28, 15000),
('ten huyen', 549, 28, 15000),
('ten huyen', 550, 28, 15000),
('ten huyen', 551, 28, 15000),
('ten huyen', 552, 28, 15000),
('ten huyen', 553, 28, 15000),
('ten huyen', 554, 28, 15000),
('ten huyen', 555, 28, 15000),
('ten huyen', 556, 28, 15000),
('ten huyen', 557, 28, 15000),
('ten huyen', 558, 28, 15000),
('ten huyen', 559, 28, 15000),
('ten huyen', 560, 28, 15000),
('ten huyen', 561, 29, 15000),
('ten huyen', 562, 29, 15000),
('ten huyen', 563, 29, 15000),
('ten huyen', 564, 29, 15000),
('ten huyen', 565, 29, 15000),
('ten huyen', 566, 29, 15000),
('ten huyen', 567, 29, 15000),
('ten huyen', 568, 29, 15000),
('ten huyen', 569, 29, 15000),
('ten huyen', 570, 29, 15000),
('ten huyen', 571, 29, 15000),
('ten huyen', 572, 29, 15000),
('ten huyen', 573, 29, 15000),
('ten huyen', 574, 29, 15000),
('ten huyen', 575, 29, 15000),
('ten huyen', 576, 29, 15000),
('ten huyen', 577, 29, 15000),
('ten huyen', 578, 29, 15000),
('ten huyen', 579, 29, 15000),
('ten huyen', 580, 29, 15000),
('ten huyen', 581, 30, 15000),
('ten huyen', 582, 30, 15000),
('ten huyen', 583, 30, 15000),
('ten huyen', 584, 30, 15000),
('ten huyen', 585, 30, 15000),
('ten huyen', 586, 30, 15000),
('ten huyen', 587, 30, 15000),
('ten huyen', 588, 30, 15000),
('ten huyen', 589, 30, 15000),
('ten huyen', 590, 30, 15000),
('ten huyen', 591, 30, 15000),
('ten huyen', 592, 30, 15000),
('ten huyen', 593, 30, 15000),
('ten huyen', 594, 30, 15000),
('ten huyen', 595, 30, 15000),
('ten huyen', 596, 30, 15000),
('ten huyen', 597, 30, 15000),
('ten huyen', 598, 30, 15000),
('ten huyen', 599, 30, 15000),
('ten huyen', 600, 30, 15000),
('ten huyen', 601, 31, 15000),
('ten huyen', 602, 31, 15000),
('ten huyen', 603, 31, 15000),
('ten huyen', 604, 31, 15000),
('ten huyen', 605, 31, 15000),
('ten huyen', 606, 31, 15000),
('ten huyen', 607, 31, 15000),
('ten huyen', 608, 31, 15000),
('ten huyen', 609, 31, 15000),
('ten huyen', 610, 31, 15000),
('ten huyen', 611, 31, 15000),
('ten huyen', 612, 31, 15000),
('ten huyen', 613, 31, 15000),
('ten huyen', 614, 31, 15000),
('ten huyen', 615, 31, 15000),
('ten huyen', 616, 31, 15000),
('ten huyen', 617, 31, 15000),
('ten huyen', 618, 31, 15000),
('ten huyen', 619, 31, 15000),
('ten huyen', 620, 31, 15000),
('ten huyen', 621, 32, 15000),
('ten huyen', 622, 32, 15000),
('ten huyen', 623, 32, 15000),
('ten huyen', 624, 32, 15000),
('ten huyen', 625, 32, 15000),
('ten huyen', 626, 32, 15000),
('ten huyen', 627, 32, 15000),
('ten huyen', 628, 32, 15000),
('ten huyen', 629, 32, 15000),
('ten huyen', 630, 32, 15000),
('ten huyen', 631, 32, 15000),
('ten huyen', 632, 32, 15000),
('ten huyen', 633, 32, 15000),
('ten huyen', 634, 32, 15000),
('ten huyen', 635, 32, 15000),
('ten huyen', 636, 32, 15000),
('ten huyen', 637, 32, 15000),
('ten huyen', 638, 32, 15000),
('ten huyen', 639, 32, 15000),
('ten huyen', 640, 32, 15000),
('ten huyen', 641, 33, 15000),
('ten huyen', 642, 33, 15000),
('ten huyen', 643, 33, 15000),
('ten huyen', 644, 33, 15000),
('ten huyen', 645, 33, 15000),
('ten huyen', 646, 33, 15000),
('ten huyen', 647, 33, 15000),
('ten huyen', 648, 33, 15000),
('ten huyen', 649, 33, 15000),
('ten huyen', 650, 33, 15000),
('ten huyen', 651, 33, 15000),
('ten huyen', 652, 33, 15000),
('ten huyen', 653, 33, 15000),
('ten huyen', 654, 33, 15000),
('ten huyen', 655, 33, 15000),
('ten huyen', 656, 33, 15000),
('ten huyen', 657, 33, 15000),
('ten huyen', 658, 33, 15000),
('ten huyen', 659, 33, 15000),
('ten huyen', 660, 33, 15000),
('ten huyen', 661, 34, 15000),
('ten huyen', 662, 34, 15000),
('ten huyen', 663, 34, 15000),
('ten huyen', 664, 34, 15000),
('ten huyen', 665, 34, 15000),
('ten huyen', 666, 34, 15000),
('ten huyen', 667, 34, 15000),
('ten huyen', 668, 34, 15000),
('ten huyen', 669, 34, 15000),
('ten huyen', 670, 34, 15000),
('ten huyen', 671, 34, 15000),
('ten huyen', 672, 34, 15000),
('ten huyen', 673, 34, 15000),
('ten huyen', 674, 34, 15000),
('ten huyen', 675, 34, 15000),
('ten huyen', 676, 34, 15000),
('ten huyen', 677, 34, 15000),
('ten huyen', 678, 34, 15000),
('ten huyen', 679, 34, 15000),
('ten huyen', 680, 34, 15000),
('ten huyen', 681, 35, 15000),
('ten huyen', 682, 35, 15000),
('ten huyen', 683, 35, 15000),
('ten huyen', 684, 35, 15000),
('ten huyen', 685, 35, 15000),
('ten huyen', 686, 35, 15000),
('ten huyen', 687, 35, 15000),
('ten huyen', 688, 35, 15000),
('ten huyen', 689, 35, 15000),
('ten huyen', 690, 35, 15000),
('ten huyen', 691, 35, 15000),
('ten huyen', 692, 35, 15000),
('ten huyen', 693, 35, 15000),
('ten huyen', 694, 35, 15000),
('ten huyen', 695, 35, 15000),
('ten huyen', 696, 35, 15000),
('ten huyen', 697, 35, 15000),
('ten huyen', 698, 35, 15000),
('ten huyen', 699, 35, 15000),
('ten huyen', 700, 35, 15000),
('ten huyen', 701, 36, 15000),
('ten huyen', 702, 36, 15000),
('ten huyen', 703, 36, 15000),
('ten huyen', 704, 36, 15000),
('ten huyen', 705, 36, 15000),
('ten huyen', 706, 36, 15000),
('ten huyen', 707, 36, 15000),
('ten huyen', 708, 36, 15000),
('ten huyen', 709, 36, 15000),
('ten huyen', 710, 36, 15000),
('ten huyen', 711, 36, 15000),
('ten huyen', 712, 36, 15000),
('ten huyen', 713, 36, 15000),
('ten huyen', 714, 36, 15000),
('ten huyen', 715, 36, 15000),
('ten huyen', 716, 36, 15000),
('ten huyen', 717, 36, 15000),
('ten huyen', 718, 36, 15000),
('ten huyen', 719, 36, 15000),
('ten huyen', 720, 36, 15000),
('ten huyen', 721, 37, 15000),
('ten huyen', 722, 37, 15000),
('ten huyen', 723, 37, 15000),
('ten huyen', 724, 37, 15000),
('ten huyen', 725, 37, 15000),
('ten huyen', 726, 37, 15000),
('ten huyen', 727, 37, 15000),
('ten huyen', 728, 37, 15000),
('ten huyen', 729, 37, 15000),
('ten huyen', 730, 37, 15000),
('ten huyen', 731, 37, 15000),
('ten huyen', 732, 37, 15000),
('ten huyen', 733, 37, 15000),
('ten huyen', 734, 37, 15000),
('ten huyen', 735, 37, 15000),
('ten huyen', 736, 37, 15000),
('ten huyen', 737, 37, 15000),
('ten huyen', 738, 37, 15000),
('ten huyen', 739, 37, 15000),
('ten huyen', 740, 37, 15000),
('ten huyen', 741, 38, 15000),
('ten huyen', 742, 38, 15000),
('ten huyen', 743, 38, 15000),
('ten huyen', 744, 38, 15000),
('ten huyen', 745, 38, 15000),
('ten huyen', 746, 38, 15000),
('ten huyen', 747, 38, 15000),
('ten huyen', 748, 38, 15000),
('ten huyen', 749, 38, 15000),
('ten huyen', 750, 38, 15000),
('ten huyen', 751, 38, 15000),
('ten huyen', 752, 38, 15000),
('ten huyen', 753, 38, 15000),
('ten huyen', 754, 38, 15000),
('ten huyen', 755, 38, 15000),
('ten huyen', 756, 38, 15000),
('ten huyen', 757, 38, 15000),
('ten huyen', 758, 38, 15000),
('ten huyen', 759, 38, 15000),
('ten huyen', 760, 38, 15000),
('ten huyen', 761, 39, 15000),
('ten huyen', 762, 39, 15000),
('ten huyen', 763, 39, 15000),
('ten huyen', 764, 39, 15000),
('ten huyen', 765, 39, 15000),
('ten huyen', 766, 39, 15000),
('ten huyen', 767, 39, 15000),
('ten huyen', 768, 39, 15000),
('ten huyen', 769, 39, 15000),
('ten huyen', 770, 39, 15000),
('ten huyen', 771, 39, 15000),
('ten huyen', 772, 39, 15000),
('ten huyen', 773, 39, 15000),
('ten huyen', 774, 39, 15000),
('ten huyen', 775, 39, 15000),
('ten huyen', 776, 39, 15000),
('ten huyen', 777, 39, 15000),
('ten huyen', 778, 39, 15000),
('ten huyen', 779, 39, 15000),
('ten huyen', 780, 39, 15000),
('ten huyen', 781, 40, 15000),
('ten huyen', 782, 40, 15000),
('ten huyen', 783, 40, 15000),
('ten huyen', 784, 40, 15000),
('ten huyen', 785, 40, 15000),
('ten huyen', 786, 40, 15000),
('ten huyen', 787, 40, 15000),
('ten huyen', 788, 40, 15000),
('ten huyen', 789, 40, 15000),
('ten huyen', 790, 40, 15000),
('ten huyen', 791, 40, 15000),
('ten huyen', 792, 40, 15000),
('ten huyen', 793, 40, 15000),
('ten huyen', 794, 40, 15000),
('ten huyen', 795, 40, 15000),
('ten huyen', 796, 40, 15000),
('ten huyen', 797, 40, 15000),
('ten huyen', 798, 40, 15000),
('ten huyen', 799, 40, 15000),
('ten huyen', 800, 40, 15000),
('ten huyen', 801, 41, 15000),
('ten huyen', 802, 41, 15000),
('ten huyen', 803, 41, 15000),
('ten huyen', 804, 41, 15000),
('ten huyen', 805, 41, 15000),
('ten huyen', 806, 41, 15000),
('ten huyen', 807, 41, 15000),
('ten huyen', 808, 41, 15000),
('ten huyen', 809, 41, 15000),
('ten huyen', 810, 41, 15000),
('ten huyen', 811, 41, 15000),
('ten huyen', 812, 41, 15000),
('ten huyen', 813, 41, 15000),
('ten huyen', 814, 41, 15000),
('ten huyen', 815, 41, 15000),
('ten huyen', 816, 41, 15000),
('ten huyen', 817, 41, 15000),
('ten huyen', 818, 41, 15000),
('ten huyen', 819, 41, 15000),
('ten huyen', 820, 41, 15000),
('ten huyen', 821, 42, 15000),
('ten huyen', 822, 42, 15000),
('ten huyen', 823, 42, 15000),
('ten huyen', 824, 42, 15000),
('ten huyen', 825, 42, 15000),
('ten huyen', 826, 42, 15000),
('ten huyen', 827, 42, 15000),
('ten huyen', 828, 42, 15000),
('ten huyen', 829, 42, 15000),
('ten huyen', 830, 42, 15000),
('ten huyen', 831, 42, 15000),
('ten huyen', 832, 42, 15000),
('ten huyen', 833, 42, 15000),
('ten huyen', 834, 42, 15000),
('ten huyen', 835, 42, 15000),
('ten huyen', 836, 42, 15000),
('ten huyen', 837, 42, 15000),
('ten huyen', 838, 42, 15000),
('ten huyen', 839, 42, 15000),
('ten huyen', 840, 42, 15000),
('ten huyen', 841, 43, 15000),
('ten huyen', 842, 43, 15000),
('ten huyen', 843, 43, 15000),
('ten huyen', 844, 43, 15000),
('ten huyen', 845, 43, 15000),
('ten huyen', 846, 43, 15000),
('ten huyen', 847, 43, 15000),
('ten huyen', 848, 43, 15000),
('ten huyen', 849, 43, 15000),
('ten huyen', 850, 43, 15000),
('ten huyen', 851, 43, 15000),
('ten huyen', 852, 43, 15000),
('ten huyen', 853, 43, 15000),
('ten huyen', 854, 43, 15000),
('ten huyen', 855, 43, 15000),
('ten huyen', 856, 43, 15000),
('ten huyen', 857, 43, 15000),
('ten huyen', 858, 43, 15000),
('ten huyen', 859, 43, 15000),
('ten huyen', 860, 43, 15000),
('ten huyen', 861, 44, 15000),
('ten huyen', 862, 44, 15000),
('ten huyen', 863, 44, 15000),
('ten huyen', 864, 44, 15000),
('ten huyen', 865, 44, 15000),
('ten huyen', 866, 44, 15000),
('ten huyen', 867, 44, 15000),
('ten huyen', 868, 44, 15000),
('ten huyen', 869, 44, 15000),
('ten huyen', 870, 44, 15000),
('ten huyen', 871, 44, 15000),
('ten huyen', 872, 44, 15000),
('ten huyen', 873, 44, 15000),
('ten huyen', 874, 44, 15000),
('ten huyen', 875, 44, 15000),
('ten huyen', 876, 44, 15000),
('ten huyen', 877, 44, 15000),
('ten huyen', 878, 44, 15000),
('ten huyen', 879, 44, 15000),
('ten huyen', 880, 44, 15000),
('ten huyen', 881, 45, 15000),
('ten huyen', 882, 45, 15000),
('ten huyen', 883, 45, 15000),
('ten huyen', 884, 45, 15000),
('ten huyen', 885, 45, 15000),
('ten huyen', 886, 45, 15000),
('ten huyen', 887, 45, 15000),
('ten huyen', 888, 45, 15000),
('ten huyen', 889, 45, 15000),
('ten huyen', 890, 45, 15000),
('ten huyen', 891, 45, 15000),
('ten huyen', 892, 45, 15000),
('ten huyen', 893, 45, 15000),
('ten huyen', 894, 45, 15000),
('ten huyen', 895, 45, 15000),
('ten huyen', 896, 45, 15000),
('ten huyen', 897, 45, 15000),
('ten huyen', 898, 45, 15000),
('ten huyen', 899, 45, 15000),
('ten huyen', 900, 45, 15000),
('ten huyen', 901, 46, 15000),
('ten huyen', 902, 46, 15000),
('ten huyen', 903, 46, 15000),
('ten huyen', 904, 46, 15000),
('ten huyen', 905, 46, 15000),
('ten huyen', 906, 46, 15000),
('ten huyen', 907, 46, 15000),
('ten huyen', 908, 46, 15000),
('ten huyen', 909, 46, 15000),
('ten huyen', 910, 46, 15000),
('ten huyen', 911, 46, 15000),
('ten huyen', 912, 46, 15000),
('ten huyen', 913, 46, 15000),
('ten huyen', 914, 46, 15000),
('ten huyen', 915, 46, 15000),
('ten huyen', 916, 46, 15000),
('ten huyen', 917, 46, 15000),
('ten huyen', 918, 46, 15000),
('ten huyen', 919, 46, 15000),
('ten huyen', 920, 46, 15000),
('ten huyen', 921, 47, 15000),
('ten huyen', 922, 47, 15000),
('ten huyen', 923, 47, 15000),
('ten huyen', 924, 47, 15000),
('ten huyen', 925, 47, 15000),
('ten huyen', 926, 47, 15000),
('ten huyen', 927, 47, 15000),
('ten huyen', 928, 47, 15000),
('ten huyen', 929, 47, 15000),
('ten huyen', 930, 47, 15000),
('ten huyen', 931, 47, 15000),
('ten huyen', 932, 47, 15000),
('ten huyen', 933, 47, 15000),
('ten huyen', 934, 47, 15000),
('ten huyen', 935, 47, 15000),
('ten huyen', 936, 47, 15000),
('ten huyen', 937, 47, 15000),
('ten huyen', 938, 47, 15000),
('ten huyen', 939, 47, 15000),
('ten huyen', 940, 47, 15000),
('ten huyen', 941, 48, 15000),
('ten huyen', 942, 48, 15000),
('ten huyen', 943, 48, 15000),
('ten huyen', 944, 48, 15000),
('ten huyen', 945, 48, 15000),
('ten huyen', 946, 48, 15000),
('ten huyen', 947, 48, 15000),
('ten huyen', 948, 48, 15000),
('ten huyen', 949, 48, 15000),
('ten huyen', 950, 48, 15000),
('ten huyen', 951, 48, 15000),
('ten huyen', 952, 48, 15000),
('ten huyen', 953, 48, 15000),
('ten huyen', 954, 48, 15000),
('ten huyen', 955, 48, 15000),
('ten huyen', 956, 48, 15000),
('ten huyen', 957, 48, 15000),
('ten huyen', 958, 48, 15000),
('ten huyen', 959, 48, 15000),
('ten huyen', 960, 48, 15000),
('ten huyen', 961, 49, 15000),
('ten huyen', 962, 49, 15000),
('ten huyen', 963, 49, 15000),
('ten huyen', 964, 49, 15000),
('ten huyen', 965, 49, 15000),
('ten huyen', 966, 49, 15000),
('ten huyen', 967, 49, 15000),
('ten huyen', 968, 49, 15000),
('ten huyen', 969, 49, 15000),
('ten huyen', 970, 49, 15000),
('ten huyen', 971, 49, 15000),
('ten huyen', 972, 49, 15000),
('ten huyen', 973, 49, 15000),
('ten huyen', 974, 49, 15000),
('ten huyen', 975, 49, 15000),
('ten huyen', 976, 49, 15000),
('ten huyen', 977, 49, 15000),
('ten huyen', 978, 49, 15000),
('ten huyen', 979, 49, 15000),
('ten huyen', 980, 49, 15000),
('ten huyen', 981, 50, 15000),
('ten huyen', 982, 50, 15000),
('ten huyen', 983, 50, 15000),
('ten huyen', 984, 50, 15000),
('ten huyen', 985, 50, 15000),
('ten huyen', 986, 50, 15000),
('ten huyen', 987, 50, 15000),
('ten huyen', 988, 50, 15000),
('ten huyen', 989, 50, 15000),
('ten huyen', 990, 50, 15000),
('ten huyen', 991, 50, 15000),
('ten huyen', 992, 50, 15000),
('ten huyen', 993, 50, 15000),
('ten huyen', 994, 50, 15000),
('ten huyen', 995, 50, 15000),
('ten huyen', 996, 50, 15000),
('ten huyen', 997, 50, 15000),
('ten huyen', 998, 50, 15000),
('ten huyen', 999, 50, 15000),
('ten huyen', 1000, 50, 15000),
('ten huyen', 1001, 51, 15000),
('ten huyen', 1002, 51, 15000),
('ten huyen', 1003, 51, 15000),
('ten huyen', 1004, 51, 15000),
('ten huyen', 1005, 51, 15000),
('ten huyen', 1006, 51, 15000),
('ten huyen', 1007, 51, 15000),
('ten huyen', 1008, 51, 15000),
('ten huyen', 1009, 51, 15000),
('ten huyen', 1010, 51, 15000),
('ten huyen', 1011, 51, 15000),
('ten huyen', 1012, 51, 15000),
('ten huyen', 1013, 51, 15000),
('ten huyen', 1014, 51, 15000),
('ten huyen', 1015, 51, 15000),
('ten huyen', 1016, 51, 15000),
('ten huyen', 1017, 51, 15000),
('ten huyen', 1018, 51, 15000),
('ten huyen', 1019, 51, 15000),
('ten huyen', 1020, 51, 15000),
('ten huyen', 1021, 52, 15000),
('ten huyen', 1022, 52, 15000),
('ten huyen', 1023, 52, 15000),
('ten huyen', 1024, 52, 15000),
('ten huyen', 1025, 52, 15000),
('ten huyen', 1026, 52, 15000),
('ten huyen', 1027, 52, 15000),
('ten huyen', 1028, 52, 15000),
('ten huyen', 1029, 52, 15000),
('ten huyen', 1030, 52, 15000),
('ten huyen', 1031, 52, 15000),
('ten huyen', 1032, 52, 15000),
('ten huyen', 1033, 52, 15000),
('ten huyen', 1034, 52, 15000),
('ten huyen', 1035, 52, 15000),
('ten huyen', 1036, 52, 15000),
('ten huyen', 1037, 52, 15000),
('ten huyen', 1038, 52, 15000),
('ten huyen', 1039, 52, 15000),
('ten huyen', 1040, 52, 15000),
('ten huyen', 1041, 53, 15000),
('ten huyen', 1042, 53, 15000),
('ten huyen', 1043, 53, 15000),
('ten huyen', 1044, 53, 15000),
('ten huyen', 1045, 53, 15000),
('ten huyen', 1046, 53, 15000),
('ten huyen', 1047, 53, 15000),
('ten huyen', 1048, 53, 15000),
('ten huyen', 1049, 53, 15000),
('ten huyen', 1050, 53, 15000),
('ten huyen', 1051, 53, 15000),
('ten huyen', 1052, 53, 15000),
('ten huyen', 1053, 53, 15000),
('ten huyen', 1054, 53, 15000),
('ten huyen', 1055, 53, 15000),
('ten huyen', 1056, 53, 15000),
('ten huyen', 1057, 53, 15000),
('ten huyen', 1058, 53, 15000),
('ten huyen', 1059, 53, 15000),
('ten huyen', 1060, 53, 15000),
('ten huyen', 1061, 54, 15000),
('ten huyen', 1062, 54, 15000),
('ten huyen', 1063, 54, 15000),
('ten huyen', 1064, 54, 15000),
('ten huyen', 1065, 54, 15000),
('ten huyen', 1066, 54, 15000),
('ten huyen', 1067, 54, 15000),
('ten huyen', 1068, 54, 15000),
('ten huyen', 1069, 54, 15000),
('ten huyen', 1070, 54, 15000),
('ten huyen', 1071, 54, 15000),
('ten huyen', 1072, 54, 15000),
('ten huyen', 1073, 54, 15000),
('ten huyen', 1074, 54, 15000),
('ten huyen', 1075, 54, 15000),
('ten huyen', 1076, 54, 15000),
('ten huyen', 1077, 54, 15000),
('ten huyen', 1078, 54, 15000),
('ten huyen', 1079, 54, 15000),
('ten huyen', 1080, 54, 15000),
('ten huyen', 1081, 55, 15000),
('ten huyen', 1082, 55, 15000),
('ten huyen', 1083, 55, 15000),
('ten huyen', 1084, 55, 15000),
('ten huyen', 1085, 55, 15000),
('ten huyen', 1086, 55, 15000),
('ten huyen', 1087, 55, 15000),
('ten huyen', 1088, 55, 15000),
('ten huyen', 1089, 55, 15000),
('ten huyen', 1090, 55, 15000),
('ten huyen', 1091, 55, 15000),
('ten huyen', 1092, 55, 15000),
('ten huyen', 1093, 55, 15000),
('ten huyen', 1094, 55, 15000),
('ten huyen', 1095, 55, 15000),
('ten huyen', 1096, 55, 15000),
('ten huyen', 1097, 55, 15000),
('ten huyen', 1098, 55, 15000),
('ten huyen', 1099, 55, 15000),
('ten huyen', 1100, 55, 15000),
('ten huyen', 1101, 56, 15000),
('ten huyen', 1102, 56, 15000),
('ten huyen', 1103, 56, 15000),
('ten huyen', 1104, 56, 15000),
('ten huyen', 1105, 56, 15000),
('ten huyen', 1106, 56, 15000),
('ten huyen', 1107, 56, 15000),
('ten huyen', 1108, 56, 15000),
('ten huyen', 1109, 56, 15000),
('ten huyen', 1110, 56, 15000),
('ten huyen', 1111, 56, 15000),
('ten huyen', 1112, 56, 15000),
('ten huyen', 1113, 56, 15000),
('ten huyen', 1114, 56, 15000),
('ten huyen', 1115, 56, 15000),
('ten huyen', 1116, 56, 15000),
('ten huyen', 1117, 56, 15000),
('ten huyen', 1118, 56, 15000),
('ten huyen', 1119, 56, 15000),
('ten huyen', 1120, 56, 15000),
('ten huyen', 1121, 57, 15000),
('ten huyen', 1122, 57, 15000),
('ten huyen', 1123, 57, 15000),
('ten huyen', 1124, 57, 15000),
('ten huyen', 1125, 57, 15000),
('ten huyen', 1126, 57, 15000),
('ten huyen', 1127, 57, 15000),
('ten huyen', 1128, 57, 15000),
('ten huyen', 1129, 57, 15000),
('ten huyen', 1130, 57, 15000),
('ten huyen', 1131, 57, 15000),
('ten huyen', 1132, 57, 15000),
('ten huyen', 1133, 57, 15000),
('ten huyen', 1134, 57, 15000),
('ten huyen', 1135, 57, 15000),
('ten huyen', 1136, 57, 15000),
('ten huyen', 1137, 57, 15000),
('ten huyen', 1138, 57, 15000),
('ten huyen', 1139, 57, 15000),
('ten huyen', 1140, 57, 15000),
('ten huyen', 1141, 58, 15000),
('ten huyen', 1142, 58, 15000),
('ten huyen', 1143, 58, 15000),
('ten huyen', 1144, 58, 15000),
('ten huyen', 1145, 58, 15000),
('ten huyen', 1146, 58, 15000),
('ten huyen', 1147, 58, 15000),
('ten huyen', 1148, 58, 15000),
('ten huyen', 1149, 58, 15000),
('ten huyen', 1150, 58, 15000),
('ten huyen', 1151, 58, 15000),
('ten huyen', 1152, 58, 15000),
('ten huyen', 1153, 58, 15000),
('ten huyen', 1154, 58, 15000),
('ten huyen', 1155, 58, 15000),
('ten huyen', 1156, 58, 15000),
('ten huyen', 1157, 58, 15000),
('ten huyen', 1158, 58, 15000),
('ten huyen', 1159, 58, 15000),
('ten huyen', 1160, 58, 15000),
('ten huyen', 1161, 59, 15000),
('ten huyen', 1162, 59, 15000),
('ten huyen', 1163, 59, 15000),
('ten huyen', 1164, 59, 15000),
('ten huyen', 1165, 59, 15000),
('ten huyen', 1166, 59, 15000),
('ten huyen', 1167, 59, 15000),
('ten huyen', 1168, 59, 15000),
('ten huyen', 1169, 59, 15000),
('ten huyen', 1170, 59, 15000),
('ten huyen', 1171, 59, 15000),
('ten huyen', 1172, 59, 15000),
('ten huyen', 1173, 59, 15000),
('ten huyen', 1174, 59, 15000),
('ten huyen', 1175, 59, 15000),
('ten huyen', 1176, 59, 15000),
('ten huyen', 1177, 59, 15000),
('ten huyen', 1178, 59, 15000),
('ten huyen', 1179, 59, 15000),
('ten huyen', 1180, 59, 15000),
('ten huyen', 1181, 60, 15000),
('ten huyen', 1182, 60, 15000),
('ten huyen', 1183, 60, 15000),
('ten huyen', 1184, 60, 15000),
('ten huyen', 1185, 60, 15000),
('ten huyen', 1186, 60, 15000),
('ten huyen', 1187, 60, 15000),
('ten huyen', 1188, 60, 15000),
('ten huyen', 1189, 60, 15000),
('ten huyen', 1190, 60, 15000),
('ten huyen', 1191, 60, 15000),
('ten huyen', 1192, 60, 15000),
('ten huyen', 1193, 60, 15000),
('ten huyen', 1194, 60, 15000),
('ten huyen', 1195, 60, 15000),
('ten huyen', 1196, 60, 15000),
('ten huyen', 1197, 60, 15000),
('ten huyen', 1198, 60, 15000),
('ten huyen', 1199, 60, 15000),
('ten huyen', 1200, 60, 15000),
('ten huyen', 1201, 61, 15000),
('ten huyen', 1202, 61, 15000),
('ten huyen', 1203, 61, 15000),
('ten huyen', 1204, 61, 15000),
('ten huyen', 1205, 61, 15000),
('ten huyen', 1206, 61, 15000),
('ten huyen', 1207, 61, 15000),
('ten huyen', 1208, 61, 15000),
('ten huyen', 1209, 61, 15000),
('ten huyen', 1210, 61, 15000),
('ten huyen', 1211, 61, 15000),
('ten huyen', 1212, 61, 15000),
('ten huyen', 1213, 61, 15000),
('ten huyen', 1214, 61, 15000),
('ten huyen', 1215, 61, 15000),
('ten huyen', 1216, 61, 15000),
('ten huyen', 1217, 61, 15000),
('ten huyen', 1218, 61, 15000),
('ten huyen', 1219, 61, 15000),
('ten huyen', 1220, 61, 15000),
('ten huyen', 1221, 62, 15000),
('ten huyen', 1222, 62, 15000),
('ten huyen', 1223, 62, 15000),
('ten huyen', 1224, 62, 15000),
('ten huyen', 1225, 62, 15000),
('ten huyen', 1226, 62, 15000),
('ten huyen', 1227, 62, 15000),
('ten huyen', 1228, 62, 15000),
('ten huyen', 1229, 62, 15000),
('ten huyen', 1230, 62, 15000),
('ten huyen', 1231, 62, 15000),
('ten huyen', 1232, 62, 15000),
('ten huyen', 1233, 62, 15000),
('ten huyen', 1234, 62, 15000),
('ten huyen', 1235, 62, 15000),
('ten huyen', 1236, 62, 15000),
('ten huyen', 1237, 62, 15000),
('ten huyen', 1238, 62, 15000),
('ten huyen', 1239, 62, 15000),
('ten huyen', 1240, 62, 15000),
('ten huyen', 1241, 63, 15000),
('ten huyen', 1242, 63, 15000),
('ten huyen', 1243, 63, 15000),
('ten huyen', 1244, 63, 15000),
('ten huyen', 1245, 63, 15000),
('ten huyen', 1246, 63, 15000),
('ten huyen', 1247, 63, 15000),
('ten huyen', 1248, 63, 15000),
('ten huyen', 1249, 63, 15000),
('ten huyen', 1250, 63, 15000),
('ten huyen', 1251, 63, 15000),
('ten huyen', 1252, 63, 15000),
('ten huyen', 1253, 63, 15000),
('ten huyen', 1254, 63, 15000),
('ten huyen', 1255, 63, 15000),
('ten huyen', 1256, 63, 15000),
('ten huyen', 1257, 63, 15000),
('ten huyen', 1258, 63, 15000),
('ten huyen', 1259, 63, 15000),
('ten huyen', 1260, 63, 15000);

-- --------------------------------------------------------

--
-- Cấu trúc bảng cho bảng `khachhang`
--

CREATE TABLE `khachhang` (
  `makh` int(11) NOT NULL,
  `hoten` varchar(2000) COLLATE utf8mb4_unicode_ci NOT NULL,
  `diachi` varchar(2000) COLLATE utf8mb4_unicode_ci NOT NULL,
  `dienthoai` varchar(20) COLLATE utf8mb4_unicode_ci NOT NULL,
  `email` varchar(200) COLLATE utf8mb4_unicode_ci NOT NULL,
  `matkhau` varchar(20) COLLATE utf8mb4_unicode_ci NOT NULL,
  `gioitinh` int(11) NOT NULL,
  `diemso` double NOT NULL
) ENGINE=InnoDB DEFAULT CHARSET=utf8mb4 COLLATE=utf8mb4_unicode_ci;

--
-- Đang đổ dữ liệu cho bảng `khachhang`
--

INSERT INTO `khachhang` (`makh`, `hoten`, `diachi`, `dienthoai`, `email`, `matkhau`, `gioitinh`, `diemso`) VALUES
(1, 'Đặng Xuân Trường', 'Gia Lâm - Hà Nội', '0987654321', 'truongdz@gmail.com', '123456', 1, 11.164);

-- --------------------------------------------------------

--
-- Cấu trúc bảng cho bảng `loaisanpham`
--

CREATE TABLE `loaisanpham` (
  `maloaisp` int(11) NOT NULL,
  `tenloai` varchar(200) COLLATE utf8mb4_unicode_ci DEFAULT NULL
) ENGINE=InnoDB DEFAULT CHARSET=utf8mb4 COLLATE=utf8mb4_unicode_ci;

--
-- Đang đổ dữ liệu cho bảng `loaisanpham`
--

INSERT INTO `loaisanpham` (`maloaisp`, `tenloai`) VALUES
(1, 'Áo thun nam'),
(2, 'Áo vest nam'),
(3, 'Áo sơ mi nam');

-- --------------------------------------------------------

--
-- Cấu trúc bảng cho bảng `nhacungcap`
--

CREATE TABLE `nhacungcap` (
  `manhacungcap` int(11) NOT NULL,
  `tennhacungcap` varchar(1000) COLLATE utf8mb4_unicode_ci NOT NULL,
  `masothue` varchar(100) COLLATE utf8mb4_unicode_ci NOT NULL,
  `diachi` varchar(1000) COLLATE utf8mb4_unicode_ci DEFAULT NULL,
  `email` varchar(100) COLLATE utf8mb4_unicode_ci DEFAULT NULL,
  `dienthoai` varchar(20) COLLATE utf8mb4_unicode_ci DEFAULT NULL
) ENGINE=InnoDB DEFAULT CHARSET=utf8mb4 COLLATE=utf8mb4_unicode_ci;

--
-- Đang đổ dữ liệu cho bảng `nhacungcap`
--

INSERT INTO `nhacungcap` (`manhacungcap`, `tennhacungcap`, `masothue`, `diachi`, `email`, `dienthoai`) VALUES
(1, 'Tổng công ty may 10', '0100101308', '765 Nguyễn Văn Linh - Sài Đồng - Long Biên - Hà Nội', 'email@gmai.com', '0438276923'),
(2, 'Tổng công ty may Việt Tiến', '0300401524', '7 Lê Minh Xuân, Phường 7, Quận Tân Bình, TP Hồ Chí Minh.', 'email2@gmail.com', '0838640800'),
(3, 'Công ty may Đức Giang', '1234567890', 'Đức Giang - Long Biên - Hà Nội', 'email3@gmail.com', '1234567890');

-- --------------------------------------------------------

--
-- Cấu trúc bảng cho bảng `nhanvien`
--

CREATE TABLE `nhanvien` (
  `manv` int(11) NOT NULL,
  `tendangnhap` varchar(100) COLLATE utf8mb4_unicode_ci NOT NULL,
  `hoten` varchar(100) COLLATE utf8mb4_unicode_ci NOT NULL,
  `matkhau` varchar(20) COLLATE utf8mb4_unicode_ci NOT NULL,
  `vaitro` int(11) NOT NULL,
  `gioitinh` int(11) NOT NULL
) ENGINE=InnoDB DEFAULT CHARSET=utf8mb4 COLLATE=utf8mb4_unicode_ci;

--
-- Đang đổ dữ liệu cho bảng `nhanvien`
--

INSERT INTO `nhanvien` (`manv`, `tendangnhap`, `hoten`, `matkhau`, `vaitro`, `gioitinh`) VALUES
(1, 'admin', 'Đặng Xuân Trường', '123456', 1, 1),
(2, 'admin1', 'Nguyễn Minh Hiển', '123456', 0, 1),
(3, 'dxtruong1997', 'Đặng Xuân Trường', '123456', 0, 1),
(4, 'hethong', 'Hệ thống', '123456', 0, 1);

-- --------------------------------------------------------

--
-- Cấu trúc bảng cho bảng `sanpham`
--

CREATE TABLE `sanpham` (
  `masp` int(11) NOT NULL,
  `tensanpham` varchar(1000) COLLATE utf8mb4_unicode_ci DEFAULT NULL,
  `gia` double DEFAULT NULL,
  `mau` varchar(200) COLLATE utf8mb4_unicode_ci DEFAULT NULL,
  `kichco` varchar(100) COLLATE utf8mb4_unicode_ci DEFAULT NULL,
  `mota` varchar(1000) COLLATE utf8mb4_unicode_ci DEFAULT NULL,
  `soluongtonkho` double DEFAULT NULL,
  `hinhanh` varchar(2000) COLLATE utf8mb4_unicode_ci DEFAULT NULL,
  `manhacungcap` int(11) NOT NULL,
  `maloaisp` int(11) NOT NULL
) ENGINE=InnoDB DEFAULT CHARSET=utf8mb4 COLLATE=utf8mb4_unicode_ci;

--
-- Đang đổ dữ liệu cho bảng `sanpham`
--

INSERT INTO `sanpham` (`masp`, `tensanpham`, `gia`, `mau`, `kichco`, `mota`, `soluongtonkho`, `hinhanh`, `manhacungcap`, `maloaisp`) VALUES
(1, 'Áo thun trơn đơn giản thời trang', 315000, 'FF0000', '5XL', 'Áo thun đơn giản thời trang cao cấp                \n                                    \n                                    \n                                    \n                                    \n                                    \n                                    \n                                    \n                                    \n                                    ', 100, 'https://bom.to/donim;https://bom.to/K04AU', 2, 1),
(2, 'Áo vest nam thời trang cao cấp', 450000, 'FF0000', 'L', 'null\n                                    ', 200, 'https://bom.to/BooHz', 1, 2),
(4, 'Áo thun trơn đơn giản thời trang', 100000, '0000FF', '3XL,2XL,XL,L,M,S', 'Biết mô tả gì bây giờ', 12, 'https://bom.to/TINXV;https://bom.to/Dxnlg;;;', 1, 1),
(5, 'Áo thun trơn đơn giản thời trang', 315000, '228B22', 'L', 'Áo thun nam đơn giản thời trang cao cấp         \n                                    ', 100, 'https://bom.to/MGNjI', 1, 1),
(6, 'Áo thun trơn đơn giản thời trang', 315000, '228B22', 'M', 'Áo thun nam đơn giản thời trang cao cấp                   \n                                    ', 123, 'https://bom.to/MGNjI', 1, 1),
(7, 'Áo thun trơn đơn giản thời trang', 315000, 'CFCFCF', 'XL', 'Áo thun nam đơn giản thời trang                         \n                                    ', 13, 'https://bom.to/pQ1o5', 1, 1),
(8, 'Áo thun trơn đơn giản thời trang', 315000, 'CFCFCF', 'XL', 'Áo thun nam đơn giản thời trang                         \n                                    ', 13, 'https://bom.to/pQ1o5', 1, 1),
(9, 'Áo thun trơn có cổ đơn giản thời trang', 315000, 'FFC125', '5XL', 'Áo thun nam đơn giản thời trang cao cấp', 20, 'https://bom.to/ROHcN;https://bom.to/pQ1o5;;;', 1, 1),
(10, 'Áo hoodie thời trang cao cấp', 365000, '000000', '3XL,XL', 'Áo thun nam thời trang cao cấp', 23, 'https://bom.to/21m1M;;;;', 1, 1),
(11, 'Áo thun lạnh cổ tròn thời trang cao cấp', 195000, '	E0FFFF', '2XL,XL,L,M', 'Áo thun cổ lạnh thời trang và phong cách\n                                    \n                                    \n                                    ', 15, 'https://bom.to/BXelL;https://bom.to/HmWzq;https://bom.to/Le8FY;;', 3, 1),
(12, 'Áo sơ mi trắng', 150000, 'FFFFFF', 'XL,L,M', 'Áo sơ mi trắng', 30, 'abc;;;;', 1, 1),
(13, 'ten', 123, 'ffffff', 'L', 'mota', 123, 'hinh', 1, 1),
(14, 'ten', 123, 'ffffff', 'L', 'mota', 123, 'hinh', 1, 1),
(15, 'ten', 123, 'ffffff', 'L', 'mota', 123, 'hinh', 1, 1),
(16, 'ten', 123, 'ffffff', 'L', 'mota', 123, 'hinh', 1, 1),
(17, 'ten', 123, 'ffffff', 'L', 'mota', 123, 'hinh', 1, 1),
(18, 'ten', 123, 'ffffff', 'L', 'mota', 123, 'hinh', 1, 1),
(19, 'ten', 123, 'ffffff', 'L', 'mota', 123, 'hinh', 1, 1),
(20, 'ten', 123, 'ffffff', 'L', 'mota', 123, 'hinh', 1, 1),
(21, 'ten', 123, 'ffffff', 'L', 'mota', 123, 'hinh', 1, 1),
(22, 'ten', 123, 'ffffff', 'L', 'mota', 123, 'hinh', 1, 1),
(23, 'ten', 123, 'ffffff', 'L', 'mota', 123, 'hinh', 1, 1),
(24, 'ten', 123, 'ffffff', 'L', 'mota', 123, 'hinh', 1, 1),
(25, 'ten', 123, 'ffffff', 'L', 'mota', 123, 'hinh', 1, 1),
(26, 'ten', 123, 'ffffff', 'L', 'mota', 123, 'hinh', 1, 1),
(27, 'ten', 123, 'ffffff', 'L', 'mota', 123, 'hinh', 1, 1),
(28, 'ten', 123, 'ffffff', 'L', 'mota', 123, 'hinh', 1, 1),
(29, 'ten', 123, 'ffffff', 'L', 'mota', 123, 'hinh', 1, 1),
(30, 'ten', 123, 'ffffff', 'L', 'mota', 123, 'hinh', 1, 1),
(31, 'ten', 123, 'ffffff', 'L', 'mota', 123, 'hinh', 1, 1),
(32, 'ten', 123, 'ffffff', 'L', 'mota', 123, 'hinh', 1, 1),
(33, 'ten', 123, 'ffffff', 'L', 'mota', 123, 'hinh', 1, 1),
(34, 'ten', 123, 'ffffff', 'L', 'mota', 123, 'hinh', 1, 1),
(35, 'ten', 123, 'ffffff', 'L', 'mota', 123, 'hinh', 1, 1),
(36, 'ten', 123, 'ffffff', 'L', 'mota', 123, 'hinh', 1, 1),
(37, 'ten', 123, 'ffffff', 'L', 'mota', 123, 'hinh', 1, 1),
(38, 'ten', 123, 'ffffff', 'L', 'mota', 123, 'hinh', 1, 1),
(39, 'ten', 123, 'ffffff', 'L', 'mota', 123, 'hinh', 1, 1),
(40, 'ten', 123, 'ffffff', 'L', 'mota', 123, 'hinh', 1, 1),
(41, 'ten', 123, 'ffffff', 'L', 'mota', 123, 'hinh', 1, 1),
(42, 'ten', 123, 'ffffff', 'L', 'mota', 123, 'hinh', 1, 1),
(43, 'ten', 123, 'ffffff', 'L', 'mota', 123, 'hinh', 1, 1),
(44, 'ten', 123, 'ffffff', 'L', 'mota', 123, 'hinh', 1, 1),
(45, 'ten', 123, 'ffffff', 'L', 'mota', 123, 'hinh', 1, 1),
(46, 'ten', 123, 'ffffff', 'L', 'mota', 123, 'hinh', 1, 1),
(47, 'ten', 123, 'ffffff', 'L', 'mota', 123, 'hinh', 1, 1),
(48, 'ten', 123, 'ffffff', 'L', 'mota', 123, 'hinh', 1, 1),
(49, 'ten', 123, 'ffffff', 'L', 'mota', 123, 'hinh', 1, 1),
(50, 'ten', 123, 'ffffff', 'L', 'mota', 123, 'hinh', 1, 1),
(51, 'ten', 123, 'ffffff', 'L', 'mota', 123, 'hinh', 1, 1),
(52, 'ten', 123, 'ffffff', 'L', 'mota', 123, 'hinh', 1, 1),
(53, 'ten', 123, 'ffffff', 'L', 'mota', 123, 'hinh', 1, 1),
(54, 'ten', 123, 'ffffff', 'L', 'mota', 123, 'hinh', 1, 1),
(55, 'ten', 123, 'ffffff', 'L', 'mota', 123, 'hinh', 1, 1),
(56, 'ten', 123, 'ffffff', 'L', 'mota', 123, 'hinh', 1, 1),
(57, 'ten', 123, 'ffffff', 'L', 'mota', 123, 'hinh', 1, 1),
(58, 'ten', 123, 'ffffff', 'L', 'mota', 123, 'hinh', 1, 1),
(59, 'ten', 123, 'ffffff', 'L', 'mota', 123, 'hinh', 1, 1),
(60, 'ten', 123, 'ffffff', 'L', 'mota', 123, 'hinh', 1, 1),
(61, 'ten', 123, 'ffffff', 'L', 'mota', 123, 'hinh', 1, 1),
(62, 'ten', 123, 'ffffff', 'L', 'mota', 123, 'hinh', 1, 1),
(63, 'ten', 123, 'ffffff', 'L', 'mota', 123, 'hinh', 1, 1),
(64, 'ten', 123, 'ffffff', 'L', 'mota', 123, 'hinh', 1, 1),
(65, 'ten', 123, 'ffffff', 'L', 'mota', 123, 'hinh', 1, 1),
(66, 'ten', 123, 'ffffff', 'L', 'mota', 123, 'hinh', 1, 1),
(67, 'ten', 123, 'ffffff', 'L', 'mota', 123, 'hinh', 1, 1),
(68, 'ten', 123, 'ffffff', 'L', 'mota', 123, 'hinh', 1, 1),
(69, 'ten', 123, 'ffffff', 'L', 'mota', 123, 'hinh', 1, 1),
(70, 'ten', 123, 'ffffff', 'L', 'mota', 123, 'hinh', 1, 1),
(71, 'ten', 123, 'ffffff', 'L', 'mota', 123, 'hinh', 1, 1),
(72, 'ten', 123, 'ffffff', 'L', 'mota', 123, 'hinh', 1, 1),
(73, 'ten', 123, 'ffffff', 'L', 'mota', 123, 'hinh', 1, 1),
(74, 'ten', 123, 'ffffff', 'L', 'mota', 123, 'hinh', 1, 1),
(75, 'ten', 123, 'ffffff', 'L', 'mota', 123, 'hinh', 1, 1),
(76, 'ten', 123, 'ffffff', 'L', 'mota', 123, 'hinh', 1, 1),
(77, 'ten', 123, 'ffffff', 'L', 'mota', 123, 'hinh', 1, 1),
(78, 'ten', 123, 'ffffff', 'L', 'mota', 123, 'hinh', 1, 1),
(79, 'ten', 123, 'ffffff', 'L', 'mota', 123, 'hinh', 1, 1),
(80, 'ten', 123, 'ffffff', 'L', 'mota', 123, 'hinh', 1, 1),
(81, 'ten', 123, 'ffffff', 'L', 'mota', 123, 'hinh', 1, 1),
(82, 'ten', 123, 'ffffff', 'L', 'mota', 123, 'hinh', 1, 1),
(83, 'ten', 123, 'ffffff', 'L', 'mota', 123, 'hinh', 1, 1),
(84, 'ten', 123, 'ffffff', 'L', 'mota', 123, 'hinh', 1, 1),
(85, 'ten', 123, 'ffffff', 'L', 'mota', 123, 'hinh', 1, 1),
(86, 'ten', 123, 'ffffff', 'L', 'mota', 123, 'hinh', 1, 1),
(87, 'ten', 123, 'ffffff', 'L', 'mota', 123, 'hinh', 1, 1),
(88, 'ten', 123, 'ffffff', 'L', 'mota', 123, 'hinh', 1, 1),
(89, 'ten', 123, 'ffffff', 'L', 'mota', 123, 'hinh', 1, 1),
(90, 'ten', 123, 'ffffff', 'L', 'mota', 123, 'hinh', 1, 1),
(91, 'ten', 123, 'ffffff', 'L', 'mota', 123, 'hinh', 1, 1),
(92, 'ten', 123, 'ffffff', 'L', 'mota', 123, 'hinh', 1, 1),
(93, 'ten', 123, 'ffffff', 'L', 'mota', 123, 'hinh', 1, 1),
(94, 'ten', 123, 'ffffff', 'L', 'mota', 123, 'hinh', 1, 1),
(95, 'ten', 123, 'ffffff', 'L', 'mota', 123, 'hinh', 1, 1),
(96, 'ten', 123, 'ffffff', 'L', 'mota', 123, 'hinh', 1, 1),
(97, 'ten', 123, 'ffffff', 'L', 'mota', 123, 'hinh', 1, 1),
(98, 'ten', 123, 'ffffff', 'L', 'mota', 123, 'hinh', 1, 1),
(99, 'ten', 123, 'ffffff', 'L', 'mota', 123, 'hinh', 1, 1),
(100, 'ten', 123, 'ffffff', 'L', 'mota', 123, 'hinh', 1, 1),
(101, 'ten', 123, 'ffffff', 'L', 'mota', 123, 'hinh', 1, 1),
(102, 'ten', 123, 'ffffff', 'L', 'mota', 123, 'hinh', 1, 1),
(103, 'ten', 123, 'ffffff', 'L', 'mota', 123, 'hinh', 1, 1),
(104, 'ten', 123, 'ffffff', 'L', 'mota', 123, 'hinh', 1, 1),
(105, 'ten', 123, 'ffffff', 'L', 'mota', 123, 'hinh', 1, 1),
(106, 'ten', 123, 'ffffff', 'L', 'mota', 123, 'hinh', 1, 1),
(107, 'ten', 123, 'ffffff', 'L', 'mota', 123, 'hinh', 1, 1),
(108, 'ten', 123, 'ffffff', 'L', 'mota', 123, 'hinh', 1, 1),
(109, 'ten', 123, 'ffffff', 'L', 'mota', 123, 'hinh', 1, 1),
(110, 'ten', 123, 'ffffff', 'L', 'mota', 123, 'hinh', 1, 1),
(111, 'ten', 123, 'ffffff', 'L', 'mota', 123, 'hinh', 1, 1),
(112, 'ten', 123, 'ffffff', 'L', 'mota', 123, 'hinh', 1, 1),
(113, 'sản phẩm dự bị', 1999, '0000FF', '5XL,2XL', 'đặng xuân trường', 4, 'https://bom.to/Dxnlg;https://bom.to/Dxnlg;https://bom.to/Dxnlg;https://bom.to/Dxnlg;https://bom.to/Dxnlg', 1, 1),
(114, 'đặng xuân trường', 1000000, 'FFC125', 'XL', 'đặng xuân trường', 132, 'https://bom.to/Dxnlg;https://bom.to/a4zgI;https://bom.to/Dxnlg;https://bom.to/a4zgI;https://bom.to/Dxnlg', 1, 1);

-- --------------------------------------------------------

--
-- Cấu trúc bảng cho bảng `tinhthanh`
--

CREATE TABLE `tinhthanh` (
  `matt` int(11) NOT NULL,
  `tentinhthanh` varchar(100) COLLATE utf8mb4_unicode_ci DEFAULT NULL
) ENGINE=InnoDB DEFAULT CHARSET=utf8mb4 COLLATE=utf8mb4_unicode_ci;

--
-- Đang đổ dữ liệu cho bảng `tinhthanh`
--

INSERT INTO `tinhthanh` (`matt`, `tentinhthanh`) VALUES
(1, 'Hà Nội'),
(2, 'ten tinh'),
(3, 'ten tinh'),
(4, 'ten tinh'),
(5, 'ten tinh'),
(6, 'ten tinh'),
(7, 'ten tinh'),
(8, 'ten tinh'),
(9, 'ten tinh'),
(10, 'ten tinh'),
(11, 'ten tinh'),
(12, 'ten tinh'),
(13, 'ten tinh'),
(14, 'ten tinh'),
(15, 'ten tinh'),
(16, 'ten tinh'),
(17, 'ten tinh'),
(18, 'ten tinh'),
(19, 'ten tinh'),
(20, 'ten tinh'),
(21, 'ten tinh'),
(22, 'ten tinh'),
(23, 'ten tinh'),
(24, 'ten tinh'),
(25, 'ten tinh'),
(26, 'ten tinh'),
(27, 'ten tinh'),
(28, 'ten tinh'),
(29, 'ten tinh'),
(30, 'ten tinh'),
(31, 'ten tinh'),
(32, 'ten tinh'),
(33, 'ten tinh'),
(34, 'ten tinh'),
(35, 'ten tinh'),
(36, 'ten tinh'),
(37, 'ten tinh'),
(38, 'ten tinh'),
(39, 'ten tinh'),
(40, 'ten tinh'),
(41, 'ten tinh'),
(42, 'ten tinh'),
(43, 'ten tinh'),
(44, 'ten tinh'),
(45, 'ten tinh'),
(46, 'ten tinh'),
(47, 'ten tinh'),
(48, 'ten tinh'),
(49, 'ten tinh'),
(50, 'ten tinh'),
(51, 'ten tinh'),
(52, 'ten tinh'),
(53, 'ten tinh'),
(54, 'ten tinh'),
(55, 'ten tinh'),
(56, 'ten tinh'),
(57, 'ten tinh'),
(58, 'ten tinh'),
(59, 'ten tinh'),
(60, 'ten tinh'),
(61, 'ten tinh'),
(62, 'ten tinh'),
(63, 'ten tinh');

--
-- Chỉ mục cho các bảng đã đổ
--

--
-- Chỉ mục cho bảng `chitiethoadon`
--
ALTER TABLE `chitiethoadon`
  ADD KEY `fk_chitiet_sanpham` (`masp`),
  ADD KEY `fk_chitiet_hoadon` (`mahoadon`);

--
-- Chỉ mục cho bảng `hinhthucthanhtoan`
--
ALTER TABLE `hinhthucthanhtoan`
  ADD PRIMARY KEY (`mahinhthuc`);

--
-- Chỉ mục cho bảng `hoadon`
--
ALTER TABLE `hoadon`
  ADD PRIMARY KEY (`mahoadon`),
  ADD KEY `fk_hoadon_hinhthucthanhtoan` (`hinhthucthanhtoan`),
  ADD KEY `fk_hoadon_khachhang` (`makh`),
  ADD KEY `fk_hoadon_nhanvien` (`manhanvien`);

--
-- Chỉ mục cho bảng `huyen`
--
ALTER TABLE `huyen`
  ADD PRIMARY KEY (`mahuyen`),
  ADD KEY `fk_h_tt` (`matt`);

--
-- Chỉ mục cho bảng `khachhang`
--
ALTER TABLE `khachhang`
  ADD PRIMARY KEY (`makh`);

--
-- Chỉ mục cho bảng `loaisanpham`
--
ALTER TABLE `loaisanpham`
  ADD PRIMARY KEY (`maloaisp`);

--
-- Chỉ mục cho bảng `nhacungcap`
--
ALTER TABLE `nhacungcap`
  ADD PRIMARY KEY (`manhacungcap`);

--
-- Chỉ mục cho bảng `nhanvien`
--
ALTER TABLE `nhanvien`
  ADD PRIMARY KEY (`manv`);

--
-- Chỉ mục cho bảng `sanpham`
--
ALTER TABLE `sanpham`
  ADD PRIMARY KEY (`masp`),
  ADD KEY `fk_sanpham_nhacungcap` (`manhacungcap`),
  ADD KEY `fk_sanpham_loaisanpham` (`maloaisp`);

--
-- Chỉ mục cho bảng `tinhthanh`
--
ALTER TABLE `tinhthanh`
  ADD PRIMARY KEY (`matt`);

--
-- AUTO_INCREMENT cho các bảng đã đổ
--

--
-- AUTO_INCREMENT cho bảng `hinhthucthanhtoan`
--
ALTER TABLE `hinhthucthanhtoan`
  MODIFY `mahinhthuc` int(11) NOT NULL AUTO_INCREMENT, AUTO_INCREMENT=4;

--
-- AUTO_INCREMENT cho bảng `huyen`
--
ALTER TABLE `huyen`
  MODIFY `mahuyen` int(11) NOT NULL AUTO_INCREMENT, AUTO_INCREMENT=1261;

--
-- AUTO_INCREMENT cho bảng `khachhang`
--
ALTER TABLE `khachhang`
  MODIFY `makh` int(11) NOT NULL AUTO_INCREMENT, AUTO_INCREMENT=2;

--
-- AUTO_INCREMENT cho bảng `loaisanpham`
--
ALTER TABLE `loaisanpham`
  MODIFY `maloaisp` int(11) NOT NULL AUTO_INCREMENT, AUTO_INCREMENT=4;

--
-- AUTO_INCREMENT cho bảng `nhacungcap`
--
ALTER TABLE `nhacungcap`
  MODIFY `manhacungcap` int(11) NOT NULL AUTO_INCREMENT, AUTO_INCREMENT=4;

--
-- AUTO_INCREMENT cho bảng `nhanvien`
--
ALTER TABLE `nhanvien`
  MODIFY `manv` int(11) NOT NULL AUTO_INCREMENT, AUTO_INCREMENT=5;

--
-- AUTO_INCREMENT cho bảng `sanpham`
--
ALTER TABLE `sanpham`
  MODIFY `masp` int(11) NOT NULL AUTO_INCREMENT, AUTO_INCREMENT=115;

--
-- AUTO_INCREMENT cho bảng `tinhthanh`
--
ALTER TABLE `tinhthanh`
  MODIFY `matt` int(11) NOT NULL AUTO_INCREMENT, AUTO_INCREMENT=64;

--
-- Các ràng buộc cho các bảng đã đổ
--

--
-- Các ràng buộc cho bảng `chitiethoadon`
--
ALTER TABLE `chitiethoadon`
  ADD CONSTRAINT `fk_chitiet_hoadon` FOREIGN KEY (`mahoadon`) REFERENCES `hoadon` (`mahoadon`),
  ADD CONSTRAINT `fk_chitiet_sanpham` FOREIGN KEY (`masp`) REFERENCES `sanpham` (`masp`);

--
-- Các ràng buộc cho bảng `hoadon`
--
ALTER TABLE `hoadon`
  ADD CONSTRAINT `fk_hoadon_hinhthucthanhtoan` FOREIGN KEY (`hinhthucthanhtoan`) REFERENCES `hinhthucthanhtoan` (`mahinhthuc`),
  ADD CONSTRAINT `fk_hoadon_khachhang` FOREIGN KEY (`makh`) REFERENCES `khachhang` (`makh`),
  ADD CONSTRAINT `fk_hoadon_nhanvien` FOREIGN KEY (`manhanvien`) REFERENCES `nhanvien` (`manv`);

--
-- Các ràng buộc cho bảng `huyen`
--
ALTER TABLE `huyen`
  ADD CONSTRAINT `fk_h_tt` FOREIGN KEY (`matt`) REFERENCES `tinhthanh` (`matt`);

--
-- Các ràng buộc cho bảng `sanpham`
--
ALTER TABLE `sanpham`
  ADD CONSTRAINT `fk_sanpham_loaisanpham` FOREIGN KEY (`maloaisp`) REFERENCES `loaisanpham` (`maloaisp`),
  ADD CONSTRAINT `fk_sanpham_nhacungcap` FOREIGN KEY (`manhacungcap`) REFERENCES `nhacungcap` (`manhacungcap`);
COMMIT;

/*!40101 SET CHARACTER_SET_CLIENT=@OLD_CHARACTER_SET_CLIENT */;
/*!40101 SET CHARACTER_SET_RESULTS=@OLD_CHARACTER_SET_RESULTS */;
/*!40101 SET COLLATION_CONNECTION=@OLD_COLLATION_CONNECTION */;
